{
    "Player": {
        "blockResistPower default(0.15f)": 0.5,
        "hanekaerujikann": 0.03999999910593033,
        "playerRefrect Distance": 250.25,
        "playerReturn T": 0.009999999776482582,
        "playerScroll T": 0.019999999552965164,
        "playerShot DistanceLimit": 550.0,
        "playerSpeed": [
            7.0,
            7.0
        ]
    }
}
